title,ISBN,price,url
CSB Gospel of John (Miniature Edition),9781087700007,$1.19,https://bulkbookstore.com/csb-gospel-of-john-miniature-edition-9781087700007
CSB Here's Hope New Testament,9781433644283,$1.2,https://bulkbookstore.com/csb-heres-hope-new-testament-9781433644283
KJV Here's Hope New Testament,9781462766208,$1.4,https://bulkbookstore.com/kjv-heres-hope-new-testament-9781462766208
The Art Of Motherhood (Miniature Edition),9780999281338,$1.83,https://bulkbookstore.com/the-art-of-motherhood-miniature-edition-9780999281338
"Infant Care (A Practical, Up-to-Date Guide for Parents)",9780486247465,$1.4,https://bulkbookstore.com/infant-care-a-practical-up-to-date-guide-for-parents-9780486247465
Adivina... ¿Quién soy? Carpintero,9786072108370,$1.37,https://bulkbookstore.com/adivina-quin-soy-carpintero-9786072108370-1
Adivina... ¿Quién soy? Diseñadora de Modas,9786072108363,$1.37,https://bulkbookstore.com/adivina-quin-soy-diseadora-de-modas-9786072108363-1
Adivina... ¿Quién soy? Policía,9786072108356,$1.37,https://bulkbookstore.com/adivina-quin-soy-polica-9786072108356-1
Adivina... ¿Quién soy? Chef,9786072108332,$1.37,https://bulkbookstore.com/adivina-quin-soy-chef-9786072108332-1
Adivina... ¿Quién soy? Veterinaria,9786072108318,$1.37,https://bulkbookstore.com/adivina-quin-soy-veterinaria-9786072108318-1
A Classic Christmas Caroling Songbook (30 Sing Along Favorites),9781619709614,$1.40,https://bulkbookstore.com/a-classic-christmas-caroling-songbook-30-sing-along-favorites-9781619709614
La rata de la ciudad y la rata de campo,9786072111080,$1.37,https://bulkbookstore.com/la-rata-de-la-ciudad-y-la-rata-de-campo-9786072111080
El cuervo y el zorro,9786072110960,$1.37,https://bulkbookstore.com/el-cuervo-y-el-zorro-9786072110960
El león y el ratón,9786072110953,$1.37,https://bulkbookstore.com/el-leon-y-el-raton-9786072110953
La liebre y la tortuga,9786072110946,$1.37,https://bulkbookstore.com/la-liebre-y-la-tortuga-9786072110946
La gallina de los huevos de oro,9786072110939,$1.37,https://bulkbookstore.com/la-gallina-de-los-huevos-de-oro-9786072110939
La cigarra y la hormiga,9786072110922,$1.37,https://bulkbookstore.com/la-cigarra-y-la-hormiga-9786072110922
Adivina... ¿Quién soy? Estilista,9786072108387,$1.37,https://bulkbookstore.com/adivina-quien-soy-estilista-9786072108387
Adivina... ¿Quién soy? Maestra,9786072108349,$1.37,https://bulkbookstore.com/adivina-quien-soy-maestra-9786072108349
Adivina... ¿Quién soy? Bombero,9786072108325,$1.37,https://bulkbookstore.com/adivina-quien-soy-bombero-9786072108325
"NKJV, Holy Bible New Testament, Paperback, Comfort Print (Holy Bible, New King James Version)",9780785218012,$1.35,https://bulkbookstore.com/nkjv-holy-bible-new-testament-paperback-9780785218012
Pocket Kitten,9780859539050,$1.35,https://bulkbookstore.com/pocket-kitten-9780859539050
Pocket Fox,9780859539128,$1.35,https://bulkbookstore.com/pocket-fox-9780859539128
Pocket Dolphin,9780859539814,$1.35,https://bulkbookstore.com/pocket-dolphin-9780859539814
Beach Sticker Activity Book (Miniature Edition),9780486297316,$1.43,https://bulkbookstore.com/beach-sticker-activity-book-9780486297316
Make Your Own Ice Cream Sundae with 54 Stickers (Miniature Edition),9780486441924,$1.43,https://bulkbookstore.com/make-your-own-ice-cream-sundae-with-54-stickers-9780486441924
Pocket Bunny,9780859539074,$1.35,https://bulkbookstore.com/pocket-bunny-9780859539074
Decorate a Christmas Tree with 40 Stickers (Miniature Edition),9780486281049,$1.43,https://bulkbookstore.com/decorate-a-christmas-tree-with-40-stickers-9780486281049
Learning About Sharks (Miniature Edition),9780486407685,$1.43,https://bulkbookstore.com/learning-about-sharks-9780486407685
The Constitution of the United States and The Declaration of Independence (Miniature Edition) - 9781631581489,9781631581489,$1.29,https://bulkbookstore.com/the-constitution-of-the-united-states-and-the-declaration-of-independence-miniat-9781631581489-2
Abundant Life Bible New Testament (Softcover),9781414301754,$1.43,https://bulkbookstore.com/abundant-life-bible-new-testament-softcover-9781414301754
"RVR 1960 Hay vida en Jesús Nuevo Testamento, tapa suave",9781558192287,$1.4,https://bulkbookstore.com/rvr-1960-hay-vida-en-jesus-nuevo-testamento-tapa-suave-9781558192287
Solar System Stickers (Miniature Edition),9780486403083,$1.43,https://bulkbookstore.com/solar-system-stickers-9780486403083
Glitter Cats Stickers (Miniature Edition),9780486447322,$1.43,https://bulkbookstore.com/glitter-cats-stickers-9780486447322
Learning About the Solar System (Miniature Edition),9780486410098,$1.43,https://bulkbookstore.com/learning-about-the-solar-system-9780486410098
Learning About Birds (Miniature Edition),9780486295374,$1.43,https://bulkbookstore.com/learning-about-birds-9780486295374
Learning About Horses (Miniature Edition),9780486298108,$1.43,https://bulkbookstore.com/learning-about-horses-9780486298108
Bugs Stickers (Miniature Edition),9780486295862,$1.43,https://bulkbookstore.com/bugs-stickers-9780486295862
Learning About Sea Animals (Miniature Edition),9780486401225,$1.43,https://bulkbookstore.com/learning-about-sea-animals-9780486401225
Learning About Rocks (Miniature Edition),9780486412917,$1.43,https://bulkbookstore.com/learning-about-rocks-9780486412917
Create Your Own Robot Sticker Activity Book (Miniature Edition),9780486448787,$1.43,https://bulkbookstore.com/create-your-own-robot-sticker-activity-book-9780486448787
Little Butterfly Stickers (Miniature Edition),9780486276632,$1.43,https://bulkbookstore.com/little-butterfly-stickers-9780486276632
Make Your Own Noah's Ark with 23 Stickers (Miniature Edition),9780486289281,$1.43,https://bulkbookstore.com/make-your-own-noahs-ark-with-23-stickers-9780486289281
Make Your Own Pizza Sticker Activity Book (Miniature Edition),9780486452241,$1.43,https://bulkbookstore.com/make-your-own-pizza-sticker-activity-book-9780486452241
"NIV, Holy Bible New Testament, Paperback (Accurate. Readable. Clear.)",9780310434009,$1.35,https://bulkbookstore.com/niv-holy-bible-new-testament-paperback-the-bible-for-everyone-9780310434009
Alice in Wonderland Sticker Activity Book (Miniature Edition),9780486403144,$1.43,https://bulkbookstore.com/alice-in-wonderland-sticker-activity-book-9780486403144
Decorate a Snowman with 35 Stickers (Miniature Edition),9780486405070,$1.43,https://bulkbookstore.com/decorate-a-snowman-with-35-stickers-9780486405070
Learning About Snakes (Miniature Edition),9780486403359,$1.43,https://bulkbookstore.com/learning-about-snakes-9780486403359
Indian Village Sticker Activity Book (Miniature Edition),9780486296449,$1.43,https://bulkbookstore.com/indian-village-sticker-activity-book-9780486296449
Native American Tribal Tattoos (Miniature Edition),9780486423586,$1.43,https://bulkbookstore.com/native-american-tribal-tattoos-9780486423586
